{"count":1,"self":14172.859596799999,"total":59029.7703892,"children":{"InitializeActuators":{"count":1,"self":0.0029993999999999997,"total":0.0029993999999999997,"children":null},"InitializeSensors":{"count":1,"self":0.0020001999999999997,"total":0.0020001999999999997,"children":null},"AgentSendState":{"count":5730791,"self":31.615436799999998,"total":237.01890279999998,"children":{"CollectObservations":{"count":5730791,"self":26.5650752,"total":26.565074499999998,"children":null},"WriteActionMask":{"count":5730791,"self":4.3239664,"total":4.3239662999999995,"children":null},"RequestDecision":{"count":5730791,"self":20.797952,"total":174.5144258,"children":{"AgentInfo.ToProto":{"count":5730791,"self":21.249508799999997,"total":153.7164743,"children":{"GenerateSensorData":{"count":5730791,"self":132.4669696,"total":132.4669662,"children":null}}}}}}},"DecideAction":{"count":5730791,"self":19668.685619199998,"total":19668.6851565,"children":null},"AgentAct":{"count":5730791,"self":24951.0248448,"total":24951.1975035,"children":{"AgentInfo.ToProto":{"count":4286,"self":0.0341114,"total":0.1731335,"children":{"GenerateSensorData":{"count":4286,"self":0.13902209999999998,"total":0.13902209999999998,"children":null}}}}}},"gauges":{"3DPos.CumulativeReward":{"count":4286,"max":1912500.13,"min":7214.53955,"runningAverage":1236247.38,"value":1860181,"weightedAverage":1196778.38}},"metadata":{"timer_format_version":"0.1.0","start_time_seconds":"1717330938","unity_version":"2020.3.35f1","command_line_arguments":"C:\\Users\\samhi\\Downloads\\Simulation_Env_Unity\\Simulation_Env_Unity\\build_test\\3DPos.exe --mlagents-port 5005","communication_protocol_version":"1.5.0","com.unity.ml-agents_version":"2.0.1","scene_name":"3DPos_Simulation","end_time_seconds":"1717389968"}}