{"count":1,"self":14.0940848,"total":14.6848374,"children":{"InitializeActuators":{"count":1,"self":0.0030031999999999997,"total":0.0030031999999999997,"children":null},"InitializeSensors":{"count":1,"self":0.0028775999999999997,"total":0.0028775999999999997,"children":null},"AgentSendState":{"count":472,"self":0.019939,"total":0.0415604,"children":{"CollectObservations":{"count":472,"self":0.014938499999999999,"total":0.014938499999999999,"children":null},"WriteActionMask":{"count":472,"self":0.00087059999999999991,"total":0.00087059999999999991,"children":null},"RequestDecision":{"count":472,"self":0.0058122999999999994,"total":0.0058122999999999994,"children":null}}},"DecideAction":{"count":472,"self":0.0199407,"total":0.0199407,"children":null},"AgentAct":{"count":472,"self":0.51836989999999994,"total":0.51836989999999994,"children":null}},"gauges":{},"metadata":{"timer_format_version":"0.1.0","start_time_seconds":"1721833398","unity_version":"2020.3.35f1","command_line_arguments":"C:\\Program Files\\Unity\\Hub\\Editor\\2020.3.35f1\\Editor\\Unity.exe -projectpath C:\\Users\\samhi\\feasability\\RL_for_bifurcation -useHub -hubIPC -cloudEnvironment production -licensingIpc LicenseClient-samhi -hubSessionId 3594d78f-c806-4b34-8685-f5472fc5cb7f -accessToken HgRVtry4lXBhiA4YvpwP0XavmancmguzaUo50eHCKII005f","communication_protocol_version":"1.5.0","com.unity.ml-agents_version":"2.0.1","scene_name":"3DPos_Simulation","end_time_seconds":"1721833413"}}